block_no;datetime;from;to;value;last_hash;signature
0;2019-11-24;asdasd;asdasd;asdasd;0;asdasd;
0;2019-11-24;asdasd;asdasd;asdasd;0;asdasd;
0;2019-11-24;asdasd;asdasd;asdasd;0;asdasd;
0;2019-11-24;asdasd;asdasd;asdasd;0;asdasd;
0;2019-11-24;asdasd;asdasd;asdasd;0;asdasd;
0;2019-11-24;asdasd;asdasd;asdasd;0;asdasd;
0;2019-11-24;asdasd;asdasd;asdasd;0;asdasd;
0;2019-11-24;asdasd;asdasd;asdasd;0;asdasd;
0;2019-11-24;asdasd;asdasd;asdasd;0;asdasd;
0;2019-11-24;asdasd;asdasd;asdasd;0;asdasd;
0;2019-11-24;asdasd;asdasd;asdasd;0;asdasd;
0;2019-11-24;asdasd;asdasd;asdasd;0;asdasd;
0;2019-11-24;asdasd;asdasd;asdasd;0;asdasd
0;2019-11-24;asdasd;asdasd;asdasd;0;asdasd
0;2019-11-24;LS0tLS1CRUdJTiBQVUJMSUMgS0VZLS0tLS0KTUlJQklqQU5CZ2txaGtpRzl3MEJBUUVGQUFPQ0FROEFNSUlCQ2dLQ0FRRUExWkxIRUlQYkVqS2NobTFHL1NHdgp2emY4UjJnQVlPWHVPeExqRWMwMlQ5cUFCcW5aNUtKYzhjMDhGbWVPekY3OXpqTXpqODRTNXpKa3llcHcyV0NmCmJLTlFXVG9uakNkYzFvcWVDVUhMcktQZlZzRHlzVXpRN3BseGdyUjZUZ3NZbmNteVk1THd3UXI1Y0dWZWpkUEwKNjhZQUJ1U0JUMzZIcjNWTEdOK21zUnVDcXVPKzJmc2RYWWlyYjIzTnFTaW5TZENQRWg3YStuOTM2dDBOT3BHRApOVE9RQVp4dng2U3c0Rm5aSDZTQWZjaTNnNXljNlQ1VTM4endQL3hWYXpNcHhBSnFFcUZXMHBiRFFkNGNSaWFHCnh5M0lGLzBJUTRBNFBVZ0hOaGdGTy9iVTFCNmJXK1FxWVlpMDlNRkgwYnBFNkFLTUIwdHYwNG45MzRRQjFiMncKeVFJREFRQUIKLS0tLS1FTkQgUFVCTElDIEtFWS0tLS0tCg==;0;0;0;Or1wH8/LMZS/l27NbpHLIyZIyg69D1pyz72rGi+Qjw894rrHfZPGQQDOlmZQEH7Y+j94+0F1DJbrGfrSnE9BjDPPwcCAsDlibg9Ez5l2RFtKHJr8QQSTp3zvz+F/8F4j1gW1xTdCqYZtrtMnbiR3YU7TX4uSxqlmNpJmVxii7ih6Meir5F7SSqLU9RmgETMbJvyRzahKXT4LYMcCb8rx+ndp718zwZowe+tes1OfMZi7wngxCUyyaSBtUEyeq74atOsZyjU/K8OV8oTYrjy7USW+fkbyvAbOvUpirBYQXUbdOZ+OlibU5/8IvVNXAY7q8JtSPcmWf4OcKY/NLFtP7w==
0;2019-11-24;LS0tLS1CRUdJTiBQVUJMSUMgS0VZLS0tLS0KTUlJQklqQU5CZ2txaGtpRzl3MEJBUUVGQUFPQ0FROEFNSUlCQ2dLQ0FRRUF3QmRaUTlvOEtTTkVhZlNEbHFQOApVSXZxcWIyTUNRQmsxVEx6U1E2UG5YbUxxRDB4bUtENkc5bUhsZFZBMEFLV0k1MmJjTEkvVDl0WFBicy85SWtHCkdKaUNiRFEzRHRwaWVKR1F0eUJEaS9oQkhhK2NRUWxsc3dzZHZIbno1V1FobWgvOGw0YmhaTGtPR2VFa0hIUlUKcldrL2xoZklCNENjRDBWS2RzdlVGajJUbFhmR1B4WjY4ZkdObjl5VG9rQzFoSVNtTEtpM0JEY01nWkhhbmlVdgpvSUF2OHJkc0ZqRFdJL2RoR2R3RHRvM29XejdhUUxuUGIwclFURHRwc2NUWXgrdTlhVDd4QXgrcnF5UmpQQU1vCm9PeVBpRG9JZzF4YzExQXhFamF1NmpSU0dRclVyVTRnaUNKWmVncllveVV1eUFTYVdob0JiMUxjbXl1LzZXRTkKa3dJREFRQUIKLS0tLS1FTkQgUFVCTElDIEtFWS0tLS0tCg==;0;0;0;bc4GIV5TAPY8OuDl/h+J9X6JwKkt0icZu+6i047U8NK/hfBbD2Hw9x9UHgTL77N0vTxV1LWuFKmpH0DlGy4hPZVMORzT+pkKuGs4MD0FoDONdildDac5uz1UEQ2n5m5YJaMsE2cRaUE8uZ1SofeFpVz1PNnLDjqLgovK2ziov0e+4k6Q7D7KOIoEHpt5DNck6MYLfbcmrK4u7fVq6Gzed6XlBEmdS3bck4Jb06LdBuL74wj520rl9NFUMi10rGVpMhSaRDIDnuylMOoV5Loqfp/50U95D3Awnk2SQwuIACX5Z5BPP1O9ae4lY6K5bL1JVpvM27EqGlHKj3WE5RI6Zg==
0;2019-11-24;LS0tLS1CRUdJTiBQVUJMSUMgS0VZLS0tLS0KTUZ3d0RRWUpLb1pJaHZjTkFRRUJCUUFEU3dBd1NBSkJBTC9yNnBuM0pleFMxMGVqOENJZExVRGdyRkxZangrVwpTdDkycGlPVDcrejIzenFiUUhGZXF6V01VaDVydVZnc0ZyY09kQ3NCNThvUk5SQlUvQzh2K1pFQ0F3RUFBUT09Ci0tLS0tRU5EIFBVQkxJQyBLRVktLS0tLQo=;0;0;0;IGbpsKXmIznyaFtdR+887TWiZxGjUYUFirfqQ2idSCZpl4yJeVEU4mmqt93vFHgK9zBhWmeu3ZWopdarjgT4Mg==
0;2019-11-24;LS0tLS1CRUdJTiBQVUJMSUMgS0VZLS0tLS0KTUZ3d0RRWUpLb1pJaHZjTkFRRUJCUUFEU3dBd1NBSkJBTmoydGQ4bk85VFNlVnFwSzBPYUdOUzFRN00rZnIrTQpEM3htcDR4Y2x3eDJ5ZlpYZU1mYXZZcFRnVHRXSzF1RFBQb0dlR2xoSDc4Z3Jpc0x0QlRvY2kwQ0F3RUFBUT09Ci0tLS0tRU5EIFBVQkxJQyBLRVktLS0tLQo=;0;0;0;e6MsM5Or1EHI79fZL7svTG6KV9QWvy2UZbRg5qk7DJIVo1P2ptXZN0d0QdgfOgDPfyUy8Y36MOZY0txwYWdh9Q==
0;2019-11-24;LS0tLS1CRUdJTiBQVUJMSUMgS0VZLS0tLS0KTUZ3d0RRWUpLb1pJaHZjTkFRRUJCUUFEU3dBd1NBSkJBTHVkdkxKVEV1ZFViRmh2WnlvMXRIOUZmWUhsQkJQRQo1aU9QMTdIM0dDM245TjdxUDNxNWNIKzNRaTFWVG1TQ2JnTFNGVjFrcE9OeWVWQ2NCanR4UHIwQ0F3RUFBUT09Ci0tLS0tRU5EIFBVQkxJQyBLRVktLS0tLQo=;0;0;0;IgzOmi6HiUyh22kIJl/Mb2M5xGulAAPxC4E/RSxOIjLMQs/aDxuR5l6mySMcUpwQUkpVK1eWFQiEDaBsjPim3A==
0;2019-11-24;LS0tLS1CRUdJTiBQVUJMSUMgS0VZLS0tLS0KTUZ3d0RRWUpLb1pJaHZjTkFRRUJCUUFEU3dBd1NBSkJBTWFON0R4MS9XZWJhbU1TYXVpVlI0ZjFlNXd3dm5CSwovTGpIdmR0eVVhMGdXeVhrbUFDd2xOUUNNQWZiaWZWMlR0Z0JnU1Uzamg4dzlQdHQ5ZFBaNTlVQ0F3RUFBUT09Ci0tLS0tRU5EIFBVQkxJQyBLRVktLS0tLQo=;0;0;0;Cq5ibqWWVG9VfBai8qjmH2WGMuROURgVLkBXcORp2v8NIB7y0UCquVR9Gu1UWf3TUk4WTTwXbKbzFj2nXHNQEA==
0;2019-11-25;LS0tLS1CRUdJTiBQVUJMSUMgS0VZLS0tLS0KTUZ3d0RRWUpLb1pJaHZjTkFRRUJCUUFEU3dBd1NBSkJBSnBpb28rRDdDbjZTTmJ0N2Q3Q0QyckpEZHZIMUEwUwpIRU5QSkdETDJsUmVLQlhGYnVLU2dWN0V2ckhTdWVZVFAvSnpNOWxXQ0xRWi8wd3VZYXFlWjVzQ0F3RUFBUT09Ci0tLS0tRU5EIFBVQkxJQyBLRVktLS0tLQo=;LS0tLS1CRUdJTiBQVUJMSUMgS0VZLS0tLS0KTUZ3d0RRWUpLb1pJaHZjTkFRRUJCUUFEU3dBd1NBSkJBSnBpb28rRDdDbjZTTmJ0N2Q3Q0QyckpEZHZIMUEwUwpIRU5QSkdETDJsUmVLQlhGYnVLU2dWN0V2ckhTdWVZVFAvSnpNOWxXQ0xRWi8wd3VZYXFlWjVzQ0F3RUFBUT09Ci0tLS0tRU5EIFBVQkxJQyBLRVktLS0tLQo=;5;0;PZoDSIg+/4AMatBwKDK7j4k9gNTieqYfNpFaRPP+4CdH85OuL0dwxIN56sAVeWbJo5oFC9sSIbcbNRFMmBX2LA==
0;2019-11-25;LS0tLS1CRUdJTiBQVUJMSUMgS0VZLS0tLS0KTUZ3d0RRWUpLb1pJaHZjTkFRRUJCUUFEU3dBd1NBSkJBSzg0VDJlbjdnNW9lZnpwdVc5RndSUnE2algxUjFXNAp2Z1pCaGJtc0JuVHpwRHlNekhCYWVnaW1mOTZnSm5xVTFET29oT1VPSUlKWnhycjJ3YUZkQWZFQ0F3RUFBUT09Ci0tLS0tRU5EIFBVQkxJQyBLRVktLS0tLQo=;LS0tLS1CRUdJTiBQVUJMSUMgS0VZLS0tLS0KTUZ3d0RRWUpLb1pJaHZjTkFRRUJCUUFEU3dBd1NBSkJBSzg0VDJlbjdnNW9lZnpwdVc5RndSUnE2algxUjFXNAp2Z1pCaGJtc0JuVHpwRHlNekhCYWVnaW1mOTZnSm5xVTFET29oT1VPSUlKWnhycjJ3YUZkQWZFQ0F3RUFBUT09Ci0tLS0tRU5EIFBVQkxJQyBLRVktLS0tLQo=;5;0;EgyzCD/fwvOiZENJsOHI79VZK6lAJW8eHztIGLwGnTF2JFfl6S37CGauR8zr3pBlBatVY4wGbcR1jgNeprP/YA==
